{"successful_requests": 100, "slowest": 0.2806017309994786, "fastest": 0.15506257300148718, "total_time": 2.683952078999937, "requests_per_minute": 2236, "requests_per_second": 37}